{"HeavyNeutrino_lljj_M-4_V-0p00354964786986_mu": 45.58467232054166, "HeavyNeutrino_lljj_M-8_V-0p00363318042492_mu": 0.8451027440241756, "HeavyNeutrino_lljj_M-4_V-0p0101980390272_mu": 7.969395339728998, "HeavyNeutrino_lljj_M-3_V-0p0140356688476_mu": 22.945193834261392, "HeavyNeutrino_lljj_M-8_V-0p000415932686862_mu": 43.324216838996115, "HeavyNeutrino_lljj_M-5_V-0p0065574385243_mu": 4.798093289904765, "HeavyNeutrino_lljj_M-2_V-0p0157162336455_mu": 96.00664847141893, "HeavyNeutrino_lljj_M-6_V-0p00101488915651_mu": 43.12575054588761, "HeavyNeutrino_lljj_M-5_V-0p000920326029187_mu": 93.49948635166716, "HeavyNeutrino_lljj_M-10_V-0p00112249721603_mu": 2.1940804771553037, "HeavyNeutrino_lljj_M-20_V-1p22474487139e-05_mu": 67.21479897732507, "HeavyNeutrino_lljj_M-20_V-2p73495886624e-05_mu": 32.054047264206964, "HeavyNeutrino_lljj_M-2_V-0p0307896086367_mu": 45.580940346403835, "HeavyNeutrino_lljj_M-10_V-0p000208566536146_mu": 41.43233892854442, "HeavyNeutrino_lljj_M-6_V-0p000522494019105_mu": 92.86530267468291, "HeavyNeutrino_lljj_M-15_V-6p76017751246e-05_mu": 34.182317905025975, "HeavyNeutrino_lljj_M-5_V-0p00178044938148_mu": 43.94305190315613, "HeavyNeutrino_lljj_M-2_V-0p0137840487521_mu": 112.27013215096032, "HeavyNeutrino_lljj_M-6_V-0p00299666481275_mu": 7.1469682593049955, "HeavyNeutrino_lljj_M-3_V-0p00443846820423_mu": 98.09453142102045, "HeavyNeutrino_lljj_M-4_V-0p00183575597507_mu": 92.69292078666581, "HeavyNeutrino_lljj_M-1_V-0p13416407865_mu": 96.37961071199521}
