{
"DYJetsToLL_M-10to50_TuneCP5_13TeV-madgraphMLM-pythia8-2018": 39360057.010716915,
"DYJetsToLL_M-50_TuneCP5_13TeV-amcatnloFXFX-pythia8-2018": 17799245044.55078,
"DYJetsToLL_M-50_TuneCP5_13TeV-amcatnloFXFX-pythia8_ext2-2018": 3020673749963.2363,
"HNL_dirac_all_ctau1p0e-01_massHNL10p0_Vall5p262e-03-2018": 300000.0,
"HNL_dirac_all_ctau1p0e-01_massHNL12p0_Vall3p272e-03-2018": 300000.0,
"HNL_dirac_all_ctau1p0e-01_massHNL16p0_Vall1p551e-03-2018": 300000.0,
"HNL_dirac_all_ctau1p0e-01_massHNL1p5_Vall8p442e-01-2018": 300000.0,
"HNL_dirac_all_ctau1p0e-01_massHNL20p0_Vall8p709e-04-2018": 300000.0,
"HNL_dirac_all_ctau1p0e-01_massHNL2p0_Vall4p066e-01-2018": 300000.0,
"HNL_dirac_all_ctau1p0e-01_massHNL3p0_Vall1p388e-01-2018": 300000.0,
"HNL_dirac_all_ctau1p0e-01_massHNL4p5_Vall4p549e-02-2018": 300000.0,
"HNL_dirac_all_ctau1p0e-01_massHNL6p0_Vall2p054e-02-2018": 300000.0,
"HNL_dirac_all_ctau1p0e-01_massHNL8p0_Vall9p475e-03-2018": 300000.0,
"HNL_dirac_all_ctau1p0e-02_massHNL10p0_Vall1p664e-02-2018": 300000.0,
"HNL_dirac_all_ctau1p0e-02_massHNL12p0_Vall1p035e-02-2018": 300000.0,
"HNL_dirac_all_ctau1p0e-02_massHNL16p0_Vall4p905e-03-2018": 300000.0,
"HNL_dirac_all_ctau1p0e-02_massHNL20p0_Vall2p754e-03-2018": 300000.0,
"HNL_dirac_all_ctau1p0e-02_massHNL3p0_Vall4p390e-01-2018": 300000.0,
"HNL_dirac_all_ctau1p0e-02_massHNL4p5_Vall1p438e-01-2018": 300000.0,
"HNL_dirac_all_ctau1p0e-02_massHNL6p0_Vall6p496e-02-2018": 300000.0,
"HNL_dirac_all_ctau1p0e-02_massHNL8p0_Vall2p996e-02-2018": 300000.0,
"HNL_dirac_all_ctau1p0e00_massHNL10p0_Vall1p664e-03-2018": 300000.0,
"HNL_dirac_all_ctau1p0e00_massHNL12p0_Vall1p035e-03-2018": 300000.0,
"HNL_dirac_all_ctau1p0e00_massHNL16p0_Vall4p905e-04-2018": 300000.0,
"HNL_dirac_all_ctau1p0e00_massHNL1p0_Vall7p460e-01-2018": 300000.0,
"HNL_dirac_all_ctau1p0e00_massHNL1p5_Vall2p670e-01-2018": 300000.0,
"HNL_dirac_all_ctau1p0e00_massHNL20p0_Vall2p754e-04-2018": 300000.0,
"HNL_dirac_all_ctau1p0e00_massHNL2p0_Vall1p286e-01-2018": 300000.0,
"HNL_dirac_all_ctau1p0e00_massHNL3p0_Vall4p390e-02-2018": 300000.0,
"HNL_dirac_all_ctau1p0e00_massHNL4p5_Vall1p438e-02-2018": 300000.0,
"HNL_dirac_all_ctau1p0e00_massHNL6p0_Vall6p496e-03-2018": 300000.0,
"HNL_dirac_all_ctau1p0e00_massHNL8p0_Vall2p996e-03-2018": 285000.0,
"HNL_dirac_all_ctau1p0e01_massHNL10p0_Vall5p262e-04-2018": 300000.0,
"HNL_dirac_all_ctau1p0e01_massHNL12p0_Vall3p272e-04-2018": 300000.0,
"HNL_dirac_all_ctau1p0e01_massHNL16p0_Vall1p551e-04-2018": 300000.0,
"HNL_dirac_all_ctau1p0e01_massHNL1p0_Vall2p359e-01-2018": 300000.0,
"HNL_dirac_all_ctau1p0e01_massHNL1p5_Vall8p442e-02-2018": 300000.0,
"HNL_dirac_all_ctau1p0e01_massHNL20p0_Vall8p709e-05-2018": 300000.0,
"HNL_dirac_all_ctau1p0e01_massHNL2p0_Vall4p066e-02-2018": 300000.0,
"HNL_dirac_all_ctau1p0e01_massHNL3p0_Vall1p388e-02-2018": 300000.0,
"HNL_dirac_all_ctau1p0e01_massHNL4p5_Vall4p549e-03-2018": 300000.0,
"HNL_dirac_all_ctau1p0e01_massHNL6p0_Vall2p054e-03-2018": 285000.0,
"HNL_dirac_all_ctau1p0e01_massHNL8p0_Vall9p475e-04-2018": 285000.0,
"HNL_dirac_all_ctau1p0e02_massHNL10p0_Vall1p664e-04-2018": 300000.0,
"HNL_dirac_all_ctau1p0e02_massHNL12p0_Vall1p035e-04-2018": 300000.0,
"HNL_dirac_all_ctau1p0e02_massHNL1p0_Vall7p460e-02-2018": 300000.0,
"HNL_dirac_all_ctau1p0e02_massHNL1p5_Vall2p670e-02-2018": 300000.0,
"HNL_dirac_all_ctau1p0e02_massHNL2p0_Vall1p286e-02-2018": 300000.0,
"HNL_dirac_all_ctau1p0e02_massHNL3p0_Vall4p390e-03-2018": 300000.0,
"HNL_dirac_all_ctau1p0e02_massHNL4p5_Vall1p438e-03-2018": 300000.0,
"HNL_dirac_all_ctau1p0e02_massHNL6p0_Vall6p496e-04-2018": 300000.0,
"HNL_dirac_all_ctau1p0e02_massHNL8p0_Vall2p996e-04-2018": 300000.0,
"HNL_dirac_all_ctau1p0e03_massHNL1p0_Vall2p359e-02-2018": 300000.0,
"HNL_dirac_all_ctau1p0e03_massHNL1p5_Vall8p442e-03-2018": 300000.0,
"HNL_dirac_all_ctau1p0e03_massHNL2p0_Vall4p066e-03-2018": 300000.0,
"HNL_dirac_all_ctau1p0e03_massHNL3p0_Vall1p388e-03-2018": 285000.0,
"HNL_dirac_all_ctau1p0e03_massHNL4p5_Vall4p549e-04-2018": 300000.0,
"HNL_dirac_all_ctau1p0e03_massHNL6p0_Vall2p054e-04-2018": 300000.0,
"HNL_dirac_all_ctau1p0e03_massHNL8p0_Vall9p475e-05-2018": 300000.0,
"HNL_dirac_all_ctau1p0e04_massHNL1p0_Vall7p460e-03-2018": 300000.0,
"HNL_dirac_all_ctau1p0e04_massHNL1p5_Vall2p670e-03-2018": 300000.0,
"HNL_dirac_all_ctau1p0e04_massHNL2p0_Vall1p286e-03-2018": 300000.0,
"HNL_dirac_all_ctau1p0e04_massHNL3p0_Vall4p390e-04-2018": 300000.0,
"HNL_dirac_all_ctau1p0e04_massHNL4p5_Vall1p438e-04-2018": 300000.0,
"HNL_majorana_all_ctau1p0e-01_massHNL10p0_Vall3p721e-03-2018": 300000.0,
"HNL_majorana_all_ctau1p0e-01_massHNL12p0_Vall2p314e-03-2018": 300000.0,
"HNL_majorana_all_ctau1p0e-01_massHNL16p0_Vall1p097e-03-2018": 284000.0,
"HNL_majorana_all_ctau1p0e-01_massHNL1p5_Vall5p965e-01-2018": 300000.0,
"HNL_majorana_all_ctau1p0e-01_massHNL20p0_Vall6p165e-04-2018": 300000.0,
"HNL_majorana_all_ctau1p0e-01_massHNL2p0_Vall2p871e-01-2018": 300000.0,
"HNL_majorana_all_ctau1p0e-01_massHNL3p0_Vall9p825e-02-2018": 270000.0,
"HNL_majorana_all_ctau1p0e-01_massHNL4p5_Vall3p213e-02-2018": 300000.0,
"HNL_majorana_all_ctau1p0e-01_massHNL6p0_Vall1p454e-02-2018": 300000.0,
"HNL_majorana_all_ctau1p0e-01_massHNL8p0_Vall6p702e-03-2018": 300000.0,
"HNL_majorana_all_ctau1p0e-02_massHNL10p0_Vall1p177e-02-2018": 300000.0,
"HNL_majorana_all_ctau1p0e-02_massHNL12p0_Vall7p319e-03-2018": 300000.0,
"HNL_majorana_all_ctau1p0e-02_massHNL16p0_Vall3p470e-03-2018": 285000.0,
"HNL_majorana_all_ctau1p0e-02_massHNL20p0_Vall1p950e-03-2018": 300000.0,
"HNL_majorana_all_ctau1p0e-02_massHNL3p0_Vall3p107e-01-2018": 300000.0,
"HNL_majorana_all_ctau1p0e-02_massHNL4p5_Vall1p016e-01-2018": 300000.0,
"HNL_majorana_all_ctau1p0e-02_massHNL6p0_Vall4p597e-02-2018": 300000.0,
"HNL_majorana_all_ctau1p0e-02_massHNL8p0_Vall2p119e-02-2018": 297000.0,
"HNL_majorana_all_ctau1p0e00_massHNL10p0_Vall1p177e-03-2018": 300000.0,
"HNL_majorana_all_ctau1p0e00_massHNL12p0_Vall7p319e-04-2018": 300000.0,
"HNL_majorana_all_ctau1p0e00_massHNL16p0_Vall3p470e-04-2018": 300000.0,
"HNL_majorana_all_ctau1p0e00_massHNL1p0_Vall5p274e-01-2018": 300000.0,
"HNL_majorana_all_ctau1p0e00_massHNL1p5_Vall1p886e-01-2018": 300000.0,
"HNL_majorana_all_ctau1p0e00_massHNL20p0_Vall1p950e-04-2018": 295000.0,
"HNL_majorana_all_ctau1p0e00_massHNL2p0_Vall9p078e-02-2018": 300000.0,
"HNL_majorana_all_ctau1p0e00_massHNL3p0_Vall3p107e-02-2018": 285000.0,
"HNL_majorana_all_ctau1p0e00_massHNL4p5_Vall1p016e-02-2018": 300000.0,
"HNL_majorana_all_ctau1p0e00_massHNL6p0_Vall4p597e-03-2018": 299000.0,
"HNL_majorana_all_ctau1p0e00_massHNL8p0_Vall2p119e-03-2018": 285000.0,
"HNL_majorana_all_ctau1p0e01_massHNL10p0_Vall3p721e-04-2018": 300000.0,
"HNL_majorana_all_ctau1p0e01_massHNL12p0_Vall2p314e-04-2018": 300000.0,
"HNL_majorana_all_ctau1p0e01_massHNL16p0_Vall1p097e-04-2018": 300000.0,
"HNL_majorana_all_ctau1p0e01_massHNL1p0_Vall1p668e-01-2018": 300000.0,
"HNL_majorana_all_ctau1p0e01_massHNL1p5_Vall5p965e-02-2018": 300000.0,
"HNL_majorana_all_ctau1p0e01_massHNL20p0_Vall6p165e-05-2018": 300000.0,
"HNL_majorana_all_ctau1p0e01_massHNL2p0_Vall2p871e-02-2018": 300000.0,
"HNL_majorana_all_ctau1p0e01_massHNL3p0_Vall9p825e-03-2018": 300000.0,
"HNL_majorana_all_ctau1p0e01_massHNL4p5_Vall3p213e-03-2018": 300000.0,
"HNL_majorana_all_ctau1p0e01_massHNL6p0_Vall1p454e-03-2018": 300000.0,
"HNL_majorana_all_ctau1p0e01_massHNL8p0_Vall6p702e-04-2018": 300000.0,
"HNL_majorana_all_ctau1p0e02_massHNL10p0_Vall1p177e-04-2018": 300000.0,
"HNL_majorana_all_ctau1p0e02_massHNL12p0_Vall7p319e-05-2018": 285000.0,
"HNL_majorana_all_ctau1p0e02_massHNL1p0_Vall5p274e-02-2018": 300000.0,
"HNL_majorana_all_ctau1p0e02_massHNL1p5_Vall1p886e-02-2018": 300000.0,
"HNL_majorana_all_ctau1p0e02_massHNL2p0_Vall9p078e-03-2018": 300000.0,
"HNL_majorana_all_ctau1p0e02_massHNL3p0_Vall3p107e-03-2018": 300000.0,
"HNL_majorana_all_ctau1p0e02_massHNL4p5_Vall1p016e-03-2018": 300000.0,
"HNL_majorana_all_ctau1p0e02_massHNL6p0_Vall4p597e-04-2018": 299000.0,
"HNL_majorana_all_ctau1p0e02_massHNL8p0_Vall2p119e-04-2018": 300000.0,